<?xml version="1.0"?>
<root xmlns="urn:schemas-upnp-org:device-1-0">
  <specVersion>
    <major>1</major>
    <minor>0</minor>
  </specVersion>
  <device>
    <deviceType>urn:schemas-upnp-org:device:IPCamera:1</deviceType>
    <friendlyName>$$DESCNAME$$</friendlyName>
    <manufacturer>EasyN</manufacturer>
    <manufacturerURL>http://www.easyn.com</manufacturerURL>
    <modelDescription>Wireless Network Camera</modelDescription>
    <modelName>Network Camera</modelName>
    <modelNumber>H3-187V</modelNumber>
    <modelURL>http://www.easyn.com/</modelURL>
    <serialNumber>123456789001</serialNumber>
    <UDN>uuid:EN-ipcamera-V100R002-$$IP$$</UDN>
    <UPC>123456789</UPC>
    <serviceList>
      <service>
        <serviceType></serviceType>
        <serviceId></serviceId>
        <controlURL></controlURL>
        <eventSubURL></eventSubURL>
        <SCPDURL></SCPDURL>
      </service>
    </serviceList>
   <presentationURL>http://$$IP$$:$$ADMINPORT$$/</presentationURL>
  </device>
</root>
